{"meta":{"app":"https://ctjs.rocks/","version":"5.2.1","image":"a0.7ad67f5234.png","format":"RGBA8888","size":{"w":2048,"h":2048},"scale":"1"},"frames":{"Bird_flying@frame0":{"frame":{"x":1,"y":1,"w":64,"h":64},"rotated":false,"trimmed":false,"spriteSourceSize":{"x":0,"y":0,"w":64,"h":64},"sourceSize":{"w":64,"h":64},"anchor":{"x":0.5,"y":0.5},"shape":{"type":"circle","r":32}},"Bird_flying@frame1":{"frame":{"x":1,"y":67,"w":64,"h":64},"rotated":false,"trimmed":false,"spriteSourceSize":{"x":0,"y":0,"w":64,"h":64},"sourceSize":{"w":64,"h":64},"anchor":{"x":0.5,"y":0.5},"shape":{"type":"circle","r":32}},"Bird_flying@frame2":{"frame":{"x":1,"y":133,"w":64,"h":64},"rotated":false,"trimmed":false,"spriteSourceSize":{"x":0,"y":0,"w":64,"h":64},"sourceSize":{"w":64,"h":64},"anchor":{"x":0.5,"y":0.5},"shape":{"type":"circle","r":32}},"Blackbird_idle@frame0":{"frame":{"x":67,"y":1,"w":128,"h":128},"rotated":false,"trimmed":false,"spriteSourceSize":{"x":0,"y":0,"w":128,"h":128},"sourceSize":{"w":128,"h":128},"anchor":{"x":0.5,"y":0.5},"shape":{"type":"circle","r":64}},"Blackbird_idle@frame1":{"frame":{"x":1,"y":199,"w":128,"h":128},"rotated":false,"trimmed":false,"spriteSourceSize":{"x":0,"y":0,"w":128,"h":128},"sourceSize":{"w":128,"h":128},"anchor":{"x":0.5,"y":0.5},"shape":{"type":"circle","r":64}},"Buzzard_idle@frame0":{"frame":{"x":1,"y":329,"w":128,"h":128},"rotated":false,"trimmed":false,"spriteSourceSize":{"x":0,"y":0,"w":128,"h":128},"sourceSize":{"w":128,"h":128},"anchor":{"x":0.5,"y":0.5},"shape":{"type":"circle","r":64}},"Buzzard_idle@frame1":{"frame":{"x":197,"y":1,"w":128,"h":128},"rotated":false,"trimmed":false,"spriteSourceSize":{"x":0,"y":0,"w":128,"h":128},"sourceSize":{"w":128,"h":128},"anchor":{"x":0.5,"y":0.5},"shape":{"type":"circle","r":64}},"Card_Blackbird@frame0":{"frame":{"x":1,"y":459,"w":640,"h":952},"rotated":false,"trimmed":false,"spriteSourceSize":{"x":0,"y":0,"w":640,"h":952},"sourceSize":{"w":640,"h":952},"anchor":{"x":0.5,"y":0.5},"shape":{"type":"rect","top":476,"bottom":476,"left":320,"right":320}},"Card_Buzzard@frame0":{"frame":{"x":643,"y":1,"w":640,"h":952},"rotated":false,"trimmed":false,"spriteSourceSize":{"x":0,"y":0,"w":640,"h":952},"sourceSize":{"w":640,"h":952},"anchor":{"x":0.5,"y":0.5},"shape":{"type":"rect","top":476,"bottom":476,"left":320,"right":320}},"Card_Cockatiel@frame0":{"frame":{"x":1285,"y":1,"w":640,"h":952},"rotated":false,"trimmed":false,"spriteSourceSize":{"x":0,"y":0,"w":640,"h":952},"sourceSize":{"w":640,"h":952},"anchor":{"x":0.5,"y":0.5},"shape":{"type":"rect","top":476,"bottom":476,"left":320,"right":320}},"Card_Cuckoo@frame0":{"frame":{"x":643,"y":955,"w":640,"h":952},"rotated":false,"trimmed":false,"spriteSourceSize":{"x":0,"y":0,"w":640,"h":952},"sourceSize":{"w":640,"h":952},"anchor":{"x":0.5,"y":0.5},"shape":{"type":"rect","top":476,"bottom":476,"left":320,"right":320}},"Cockatiel_idle@frame0":{"frame":{"x":1,"y":1909,"w":128,"h":128},"rotated":false,"trimmed":false,"spriteSourceSize":{"x":0,"y":0,"w":128,"h":128},"sourceSize":{"w":128,"h":128},"anchor":{"x":0.5,"y":0.5},"shape":{"type":"circle","r":64}},"Cockatiel_idle@frame1":{"frame":{"x":131,"y":1909,"w":128,"h":128},"rotated":false,"trimmed":false,"spriteSourceSize":{"x":0,"y":0,"w":128,"h":128},"sourceSize":{"w":128,"h":128},"anchor":{"x":0.5,"y":0.5},"shape":{"type":"circle","r":64}},"Cuckoo_idle@frame0":{"frame":{"x":261,"y":1909,"w":128,"h":128},"rotated":false,"trimmed":false,"spriteSourceSize":{"x":0,"y":0,"w":128,"h":128},"sourceSize":{"w":128,"h":128},"anchor":{"x":0.5,"y":0.5},"shape":{"type":"circle","r":64}},"Cuckoo_idle@frame1":{"frame":{"x":391,"y":1909,"w":128,"h":128},"rotated":false,"trimmed":false,"spriteSourceSize":{"x":0,"y":0,"w":128,"h":128},"sourceSize":{"w":128,"h":128},"anchor":{"x":0.5,"y":0.5},"shape":{"type":"circle","r":64}},"GameIcon@frame0":{"frame":{"x":327,"y":1,"w":256,"h":256},"rotated":false,"trimmed":false,"spriteSourceSize":{"x":0,"y":0,"w":256,"h":256},"sourceSize":{"w":256,"h":256},"anchor":{"x":0.5,"y":0.5},"shape":{"type":"rect","top":128,"bottom":128,"left":128,"right":128}},"empty@frame0":{"frame":{"x":1,"y":1413,"w":512,"h":256},"rotated":false,"trimmed":false,"spriteSourceSize":{"x":0,"y":0,"w":512,"h":256},"sourceSize":{"w":512,"h":256},"anchor":{"x":0.5,"y":0.5},"shape":{"type":"rect","top":128,"bottom":128,"left":256,"right":256}},"photoSpot@frame0":{"frame":{"x":585,"y":1,"w":16,"h":16},"rotated":false,"trimmed":false,"spriteSourceSize":{"x":0,"y":0,"w":16,"h":16},"sourceSize":{"w":16,"h":16},"anchor":{"x":0.5,"y":0.5},"shape":{"type":"rect","top":8,"bottom":8,"left":8,"right":8}},"treeSpot@frame0":{"frame":{"x":603,"y":1,"w":16,"h":16},"rotated":false,"trimmed":false,"spriteSourceSize":{"x":0,"y":0,"w":16,"h":16},"sourceSize":{"w":16,"h":16},"anchor":{"x":0.5,"y":0.5},"shape":{"type":"rect","top":8,"bottom":8,"left":8,"right":8}}},"animations":{"Bird_flying":["Bird_flying@frame0","Bird_flying@frame1","Bird_flying@frame2"],"Blackbird_idle":["Blackbird_idle@frame0","Blackbird_idle@frame1"],"Buzzard_idle":["Buzzard_idle@frame0","Buzzard_idle@frame1"],"Card_Blackbird":["Card_Blackbird@frame0"],"Card_Buzzard":["Card_Buzzard@frame0"],"Card_Cockatiel":["Card_Cockatiel@frame0"],"Card_Cuckoo":["Card_Cuckoo@frame0"],"Cockatiel_idle":["Cockatiel_idle@frame0","Cockatiel_idle@frame1"],"Cuckoo_idle":["Cuckoo_idle@frame0","Cuckoo_idle@frame1"],"GameIcon":["GameIcon@frame0"],"empty":["empty@frame0"],"photoSpot":["photoSpot@frame0"],"treeSpot":["treeSpot@frame0"]}}